username,score,platform
aa33bb,2,reddit
EMPTY-BOX-044,1,reddit
MartinZugec,2,reddit
babookat,2,reddit
amalage,3,reddit
Mother_Network9453,3,reddit
savvyllm_dev,2,reddit
cmdjunkie,1,reddit
sanitybit,1,reddit
lompolo,2,reddit
random20190826,2,reddit
tariquebeenahmed,1,reddit
SwagdaddySlingblade,2,reddit
nick3790,2,reddit
ItCompiles_ShipIt,3,reddit
rgtdja43,2,reddit
Existent_Exister,2,reddit
AmbulanceDriver95,1,reddit
PlanePromise4682,2,reddit
mynuggetsarecold2,2,reddit
theelks,1,reddit
NoPackagePlease,1,reddit
ap-oorv,1,reddit
johnypita,2,reddit
MDiffenbakh,2,reddit
ConstantSmall2471,1,reddit
escapethematrix_app,1,reddit
Firm_Paint1343,1,reddit
Reasonable-Bad-1399,1,reddit
BeeOk3698,1,reddit
popaulchen,1,reddit
mutonbini,1,reddit
Much-Veterinarian399,2,reddit
lcpanicker,1,reddit
Qleen350,1,reddit
LachException,2,reddit
Oscar_Geare,2,reddit
ExpressIce8477,2,reddit
trr2024_,1,reddit
FestiveOx_,2,reddit
CISO_Series_Producer,1,reddit
mikeprivette,2,reddit
EatDirty,1,reddit
iTecsCorp,3,reddit
CISO_Series_Producer,3,reddit
DeMiNe00,1,reddit
dspark,3,reddit
Big-Win-3895,2,reddit
ConnectWithReza,1,reddit
flatacthe,2,reddit
OkAdministration4023,1,reddit
GetDecoded,3,reddit
RoofAccomplished1317,1,reddit
bgage725,1,reddit
imrozimroz,3,reddit
Crescitaly,1,reddit
TrainingStrategy6829,1,reddit
TieGlass8983,2,reddit
EatDirty,1,reddit
Exact-Copy7099,1,reddit
Difficult-Angle-4715,3,reddit
Astreon_dev,1,reddit
irakli-lekishvili,2,reddit
Front-Vermicelli-217,1,reddit
mostafa_builds,1,reddit
Tough_Commercial_103,1,reddit
evo_team,1,reddit
Lepenmok,3,reddit
Ambitious_Button7977,1,reddit
Scared-Biscotti2287,2,reddit
RevolutionaryWeb1397,2,reddit
CarpenterNext4001,3,reddit
HajiLabs,3,reddit
Nirosh_223,1,reddit
Arnav_x,1,reddit
Grouchy_Engineer3610,1,reddit
SushaEu,1,reddit
Angry_Chopsticks,1,reddit
Warm-Reaction-456,3,reddit
Hobiosimo,1,reddit
Great-Bag-9950,2,reddit
DingirPrime,2,reddit
Shali991,1,reddit
chitrasangatwani,1,reddit
chitrasangatwani,1,reddit
Ill_Distribution6938,1,reddit
T4misec,2,reddit
ajithpinninti,1,reddit
Past_Ganache_7787,2,reddit
BackgroundSavings670,1,reddit
HuntConsistent5525,1,reddit
bsekao,1,reddit
Character_Page_6885,1,reddit
Ok-Estimate-8918,1,reddit
k_yuksel,1,reddit
Narcisians,2,reddit
teflondon1991,2,reddit
Narcisians,1,reddit
cyberruss,2,reddit
Rotem_Guttman,2,reddit
anthonyDavidson31,1,reddit
GoodHighway2034,1,reddit
SideQuestDev,1,reddit
pksimshock,1,reddit
cyberpupsecurity,1,reddit
No-Emotion9668,2,reddit
unkn0wn11,3,reddit
Curbob,1,reddit
Pale_Influence9431,1,reddit
ES_CY,2,reddit
AdTemporary2475,2,reddit
ravann4,1,reddit
hunter-4-edu,1,reddit
parrot_labs,2,reddit
Known_Associate_6506,1,reddit
parrot_labs,2,reddit
mavensbot,2,reddit
Electrical_Rush_4502,1,reddit
iamforgettable,2,reddit
Sad-Put1128,2,reddit
Visual-Basis3400,1,reddit
Big-Win-3895,2,reddit
GodzNotReal666,2,reddit
lamacorn_,1,reddit
unqualified_redditor,1,reddit
Ok-Photo-8929,3,reddit
Chief_API_Officer,1,reddit
denovo_ai,1,reddit
rragnaar,2,reddit
Safe-While4516,2,reddit
IllustratorUnlucky93,1,reddit
ExcuseLive786,1,reddit
Rich_Specific_7165,1,reddit
SteelStackTrace,1,reddit
No_Fig_305,2,reddit
ubi7,1,reddit
thegonelf,1,reddit
nhoyjoy,1,reddit
Efficient-Bite-5208,2,reddit
amalgupta77,1,reddit
Bigguy781,1,reddit
capital_folly,1,reddit
Neontae,2,reddit
esdeux,1,reddit
hardware-master,1,reddit
theENTlord,1,reddit
TurnoverOptimal,2,reddit
Ok-Photo-8929,1,reddit
rogeragrimes,3,reddit
ConstantSmall2471,1,reddit
Weary_Fisherman_715,1,reddit
Comfortable-Play3024,2,reddit
Numerous_Thought4013,1,reddit
vinmi,1,reddit
notbatman14,1,reddit
DisMahUser,1,reddit
PlanetaryPotato,2,reddit
Frtune_brnger23,2,reddit
Beautiful-Cheek2449,1,reddit
MrWeirdLungs,2,reddit
rasmasyean,1,reddit
Stock-Parking-411,2,reddit
mhamza_hashim,2,reddit
Infinite_Bumblebee64,1,reddit
Anxious-Arm3502,1,reddit
LuxuriantapBun,2,reddit
pkn46,1,reddit
SkinInsightLab,2,reddit
princessinsomnia,2,reddit
Less-Bite,2,reddit
Erantrian,1,reddit
srikar_tech,2,reddit
GreenClock7765,1,reddit
WatercressBetter9892,1,reddit
madredditscientist,2,reddit
louarni,1,reddit
Darkloopsignal,1,reddit
tradestreaming,1,reddit
Famous_Ice_7337,2,reddit
erparucca,2,reddit
Competitive_Fly9544,2,reddit
SouthDoRaDo6350,1,reddit
marakae88,1,reddit
YaronElharar,1,reddit
KOTRA_SiliconValley,2,reddit
vythai01,1,reddit
Federal_Protection75,1,reddit
Ashamed-Surprise4467,1,reddit
Odd_Report6798,1,reddit
Vivid-Ad7857,2,reddit
ygjb,1,reddit
damontoo,1,reddit
oldbullwalking,2,reddit
npm_run_Frank,1,reddit
talatt,1,reddit
Pleasant-Row-4309,1,reddit
Particular-Path-4233,2,reddit
Mindless_Region5092,1,reddit
batman_im25,1,reddit
chirayusir,2,reddit
Suspicious_Reward608,1,reddit
hammad06690,1,reddit
alfredowmm,1,reddit
Historical-Taro-7257,1,reddit
NeoLogic_Dev,1,reddit
cristirasteiu,1,reddit
Cute_Blackberry_9840,1,reddit
aib_fan,2,reddit
me_z,2,reddit
Professional_0605,1,reddit
Rich-Historian1657,1,reddit
PA100T0,2,reddit
No-Grand3283,2,reddit
Particular_Cut3340,1,reddit
QoTSankgreall,1,reddit
Scordymax55,1,reddit
FeHo1,1,reddit
francesco_puig,2,reddit
ActNo331,2,reddit
BuyLocalAlbanyNY,1,reddit
observer247,1,reddit
m4rkuskk,1,reddit
Current-Spare4993,1,reddit
No-Wasabi-5805,1,reddit
Equivalent-Ad-9595,1,reddit
ReleaseEconomy3186,1,reddit
Equivalent-Pain9236,1,reddit
FeHo1,1,reddit
adem_pg,1,reddit
l1ubao,1,reddit
manishpamnani169,1,reddit
tio4tio,3,reddit
Swimming_Ad1570,2,reddit
Neat_Can8115,1,reddit
Vishal15_,3,reddit
its_akhil_mishra,2,reddit
Shot_Fudge_6195,1,reddit
Behrez,1,reddit
laravinson13,1,reddit
TheSudoScientist,2,reddit
Sufficient_Dig851,2,reddit
Thick_Evidence_1597,1,reddit
sanitybit,2,reddit
transt,2,reddit
Defiant-Chard-2023,1,reddit
Real_Performance_116,1,reddit
No_Individual_8178,1,reddit
jbob133,1,reddit
RealiseAdvisory_NED,3,reddit
_Booster_Gold_,1,reddit
deleted_user420,1,reddit
Slight_Republic_4242,1,reddit
Federal_Protection75,1,reddit
Comfortable_Bear4211,1,reddit
krjgarcia,2,reddit
N3DSdude,2,reddit
Different_Law_883,1,reddit
Arp0x,1,reddit
Boogie135,1,reddit
hello_code,1,reddit
Icy_Conclusion3422,1,reddit
bishwasbhn,2,reddit
ksanderer,1,reddit
Puzzleheaded-Walk426,2,reddit
irakli-lekishvili,2,reddit
Aggressive_Equal_460,1,reddit
Reasonable-Guess-878,2,reddit
Illustrious-Bug2105,3,reddit
maxgfr,1,reddit
CISO_Series_Producer,3,reddit
HeyGuyGuyGuy,1,reddit
AaronOpfer,1,reddit
KafeNadZlato,2,reddit
CISO_Series_Producer,3,reddit
tranceismylife,2,reddit
PsychologicalBar6241,2,reddit
motherboard,2,reddit
Xfocus,2,reddit
Alagse,1,reddit
chinawcswing,3,reddit
JR10Chico,2,reddit
SeaAnxiety1236,2,reddit
nurxmedov,3,reddit
WA206425,1,reddit
GroundbreakingDot208,1,reddit
tobiasr,2,reddit
StartupLawNY,1,reddit
Official_ASR,2,reddit
aminm17,1,reddit
Local-Mycologist-870,1,reddit
bob__io,1,reddit
KristineJakovleva,1,reddit
AvocadoConscious3780,1,reddit
Typical-Particular-6,1,reddit
SubstantialFig3918,1,reddit
Less-Bite,1,reddit
Complex-Persimmon647,1,reddit
Practical_Bobcat_730,3,reddit
No-Abroad4132,2,reddit
ThePrincip,3,reddit
shakamone,1,reddit
Prestigious-Try-4571,3,reddit
Onat120,1,reddit
ehsaanshah303,1,reddit
TightBasil8067,3,reddit
Direct-Attention8597,1,reddit
Anxious-Arm3502,3,reddit
Sufficient_Fee_8431,1,reddit
stringcheese625,1,reddit
byt3bl33d3r,1,reddit
naem112,2,reddit
MannyS23,3,reddit
BeingBalanced,1,reddit
Mowglizmom,2,reddit
TooMuchMapleSyrup,1,reddit
Weekly_Grapefruit583,1,reddit
neckbeardgamers,2,reddit
Self_Story,1,reddit
blairwaldorf444,1,reddit
mingekko,3,reddit
SwissSolution,2,reddit
Plenty_Eagle3160,2,reddit
Impossible-Web-9515,1,reddit
Harryfrz,1,reddit
RefrigeratorSalt5932,1,reddit
Alarming-Fish-102,1,reddit
feltqtmightdlt,2,reddit
bmccueny,1,reddit
SensitivePiano96,1,reddit
tornavec,1,reddit
MDiffenbakh,2,reddit
Less-Bite,2,reddit
Jealous-Goal6599,2,reddit
Alive_Willow4098,1,reddit
The_onlymusketeer,1,reddit
SellSideShort,1,reddit
Weekly_Complaint_150,1,reddit
Seggenz,1,reddit
metastallion,2,reddit
Bertassolli,2,reddit
Junior_Reward2594,2,reddit
MDiffenbakh,1,reddit
Bitter-Act-3315,1,reddit
SneakyyPower,2,reddit
MedicineTop5805,1,reddit
_r00d,1,reddit
dspark,3,reddit
trevorandcletus,2,reddit
Droy_11,2,reddit
Odd_Literature_2440,1,reddit
BitBytedBandit,1,reddit
Jonathan-Todd,1,reddit
FARHANFREESTYLER,2,reddit
iamswaps,2,reddit
FunJellyfish1492,1,reddit
AsideInternational48,1,reddit
BackgroundEar4094,2,reddit
eliobldr,3,reddit
Midwestdrip,2,reddit
CodingNibble,1,reddit
Ok-Photo-8929,1,reddit
Ok-Photo-8929,1,reddit
sumitsharma_96,1,reddit
DarthBrennan,3,reddit
Narcisians,2,reddit
Vans_eG,1,reddit
BrushEmbarrassed7857,1,reddit
Left_Election_3746,1,reddit
MalusZona,1,reddit
Taiwes,3,reddit
markyonolan,3,reddit
RoofAccomplished1317,1,reddit
Typical-Particular-6,3,reddit
RoofAccomplished1317,1,reddit
mohamed_fazil_s,1,reddit
Available-Rest2392,1,reddit
DawnTepper,2,reddit
Emotional_Seat1092,1,reddit
Emotional_Seat1092,1,reddit
Usual-Squirrel-72,2,reddit
Prior-Lime-3482,2,reddit
creaturefeature16,2,reddit
WorldMoodMaker,3,reddit
Nazil0819,1,reddit
Candid_Public8931,1,reddit
BodybuilderLost328,2,reddit
PassionPrestigious81,1,reddit
Effective-Hat-4625,1,reddit
MindlessConclusion42,1,reddit
Ziktow,1,reddit
Ok-Height-431,1,reddit
NolaPeru,2,reddit
Best-Flow-1356,2,reddit
kyberdeamon,1,reddit
BreakfastInBedlam,2,reddit
Background_Wrap_8469,2,reddit
Fabulous-Pea-5366,1,reddit
Cute_Guard5653,3,reddit
nicholascode,1,reddit
Savings-Sink1298,1,reddit
Bass-Funk,1,reddit
drench44,1,reddit
Easy_Term7058,1,reddit
meowerguy,1,reddit
PerspectiveNo9191,1,reddit
sibraan_,2,reddit
PM_ME_JIGGLE_PHYSICS,2,reddit
Altruistic-Bed7175,3,reddit
Founder-Awesome,1,reddit
Tiger_Nightmare,2,reddit
MimsyWereTheBorogove,2,reddit
Pleasant_Treacle7430,3,reddit
ElegantGrand8,2,reddit
OPrudnikov,2,reddit
4rs0n1,2,reddit
TFDangerzone2017,1,reddit
Super-Bad-987,1,reddit
Zhorhersi,1,reddit
futant462,1,reddit
AmethystBelle23,3,reddit
dylanmascarehas13,1,reddit
darksopi,1,reddit
reclaimed_hrs,1,reddit
lazyintruder,2,reddit
Ok-Photo-8929,3,reddit
AlexRSasha,1,reddit
Ok-Photo-8929,1,reddit
GuavaOk4725,1,reddit
Seineru,1,reddit
tjamjam,2,reddit
DependentKing698,1,reddit
ThickDoctor007,1,reddit
GheyParee2092,1,reddit
Low_Beautiful8730,1,reddit
Vedantagarwal120,2,reddit
Dima-Founder,2,reddit
Leather_Carpenter462,1,reddit
Cnye36,1,reddit
cosmintrica,2,reddit
jtm_ind,1,reddit
cosmintrica,2,reddit
Falgianot,1,reddit
CKhubu,1,reddit
Born-Impact-6339,1,reddit
No_Condition4163,1,reddit
cosmintrica,2,reddit
balubala1,1,reddit
politicaly_inkrect93,2,reddit
skimfl925,1,reddit
Street-Card-2787,1,reddit
koob23,3,reddit
Total_Ad_9944,1,reddit
StrongAbalone3747,2,reddit
tusharlaad,1,reddit
NoMembership1017,1,reddit
tornavec,3,reddit
Many_Ambassador_9553,1,reddit
Reversed-Engineer-01,1,reddit
radkawar,3,reddit
Typical-Particular-6,1,reddit
gen0cide_,1,reddit
Ok_Lawfulness795,2,reddit
mysterious_guy100,1,reddit
3mdeb,2,reddit
pcmag,2,reddit
PushAcceptable1612,1,reddit
warphere,1,reddit
maxokhrimenko,1,reddit
RichEddie,2,reddit
techieram7_,1,reddit
Bhavithiran97,1,reddit
BeachMaid,1,reddit
Puzzleheaded_One2336,1,reddit
Thin-Round-3875,1,reddit
ft_app,3,reddit
Outrageous_Back_6597,1,reddit
Outrageous_Back_6597,1,reddit
mhamza_hashim,2,reddit
Reasonable_Fudge1046,1,reddit
TheDeadlyPretzel,2,reddit
Parking-Kangaroo-63,1,reddit
columns_ai,1,reddit
chainguard_dev,2,reddit
Sooooooor,3,reddit
skywalker_1391,1,reddit
nrogers64,2,reddit
PondoSinatra,1,reddit
LocationSalt4673,1,reddit
Conscious-Deer52,2,reddit
Fuzzy_Act5528,1,reddit
PlusGap1537,1,reddit
ZookeepergameHead380,1,reddit
evo_team,1,reddit
Physical_Curve1259,1,reddit
Every_Inspector9371,1,reddit
Asterra_Nova_231709,3,reddit
DownFromHere,2,reddit
AnUninterestingEvent,2,reddit
Low_Adhesiveness7626,1,reddit
arcanestre,1,reddit
cont3nt,2,reddit
giaanc,1,reddit
AcanthaceaeLive1762,1,reddit
Immediate_Ad_9264,1,reddit
BigfellaBar,1,reddit
StoicViking69,1,reddit
ok200,2,reddit
kurtisebear,2,reddit
sanitybit,1,reddit
dreaminheks,2,reddit
BlueSpruceRedCedar,3,reddit
allstarr373,2,reddit
airwreck15,2,reddit
Michellebestellen,2,reddit
Sweeeettttt,1,reddit
Freight_Train07,1,reddit
UnderstandingFit2711,2,reddit
Effective_Excuse6967,1,reddit
Poorboyneedstock,1,reddit
ghoshstories1512,2,reddit
mahesshhh,2,reddit
tag_along_common,2,reddit
VentusGameDev,2,reddit
MahadyManana,2,reddit
LevelDisastrous945,1,reddit
Ill_Jaguar7099,1,reddit
Effective-Inside6836,1,reddit
kostroub,3,reddit
ashrosen,1,reddit
AdarshBramhe_,2,reddit
Aquarianbeyond,2,reddit
QuantAlgoneer,1,reddit
capella_24,1,reddit
doi24,3,reddit
Fun_Warthog2079,1,reddit
Away_Replacement8719,3,reddit
carquinyolis,1,reddit
malwaredetector,3,reddit
11grintay,2,reddit
clicklangecho,3,reddit
nacci42,1,reddit
RaisinTen,1,reddit
Manoftruth2023,2,reddit
Both-Following-8169,2,reddit
Rozls,1,reddit
nuggeter777,3,reddit
Dramatic-Deposit,1,reddit
tomsmac,1,reddit
v4mpigutz,1,reddit
Knitchick82,1,reddit
BatHum1503,1,reddit
schnoogz,1,reddit
TriggerHydrant,2,reddit
Xorphian,1,reddit
UltiRequiem,3,reddit
rumple2240,1,reddit
juan_drakes,1,reddit
brilllovesreddit,1,reddit
Every_Inspector9371,2,reddit
MoneyIq00,3,reddit
NetLast4979,1,reddit
koreangirl216,1,reddit
RushGambino,1,reddit
Choice_Run1329,2,reddit
PrestigiousPear8223,1,reddit
dr_deVoe,1,reddit
Proper-Transition588,1,reddit
kashaziz,3,reddit
Cheap_Twist1631,1,reddit
its_akhil_mishra,1,reddit
Itchy-Following9352,1,reddit
Healthylife55,1,reddit
Fit-Parsley-9957,2,reddit
paper_cutx,2,reddit
pr4jwal,1,reddit
Futurismtechnologies,2,reddit
MDiffenbakh,2,reddit
dr_deVoe,1,reddit
Flaky_Detective5439,1,reddit
baskaro23,1,reddit
ComfortableFancy6560,1,reddit
theideamakeragency,3,reddit
Virtual_Clothes2547,1,reddit
MistakeUseful5506,1,reddit
darkcode_jordan,1,reddit
Leather_Carpenter462,2,reddit
Necessary-Impress-77,2,reddit
Ok_Security_1684,1,reddit
Thakkar_Parth,2,reddit
Legal-Armadillo3299,2,reddit
ieio_it,2,reddit
Malwarebeasts,2,reddit
equixankit,1,reddit
nikunjverma11,2,reddit
CodingQuise,3,reddit
ToughInternal1580,1,reddit
chirag-ink,1,reddit
bxrist,1,reddit
Ninth_playerX,3,reddit
Scary_Champion_2649,1,reddit
tayvionp,1,reddit
westnebula,1,reddit
isabasu,3,reddit
Federal-Dot-8411,2,reddit
cyber-essentials,1,reddit
Narcisians,1,reddit
Much-Low-9490,2,reddit
obsessiveprogrammer,1,reddit
DDran,1,reddit
Quiet-Ad4620,1,reddit
Lost-Pie7113,1,reddit
captaintyler98,2,reddit
SIGMAmarketing,2,reddit
Charli_damelio69,2,reddit
RedBloodedCommie,1,reddit
Lady_froga,2,reddit
Natural_Guess_1448,1,reddit
james-learns-ru,1,reddit
Global-Nothing-7568,1,reddit
housetime4crypto,1,reddit
deeppumps,1,reddit
aipriyank,1,reddit
anuprashgupta01,3,reddit
AllinonNVDA,2,reddit
Academic_Flamingo302,3,reddit
designrco,1,reddit
pacergh,2,reddit
FishWings1337,1,reddit
Digital_Ledger,2,reddit
Altruistic_Letter,2,reddit
Background-Gur-8289,1,reddit
mojtaba1988,2,reddit
wfx0097,1,reddit
MobileLeading5516,1,reddit
InflationSame7512,3,reddit
Secure-Witness3305,1,reddit
Exact_Pen_8973,1,reddit
Better_Cycle1315,1,reddit
Orchid_Buddy,3,reddit
hidai25,1,reddit
malanivarun,3,reddit
Life_Vegetable_5442,1,reddit
Warm-Reaction-456,3,reddit
TwoGoodTwoBeBlue,2,reddit
JackfruitBusiness511,1,reddit
Remote_Following_414,1,reddit
Jet_Xu,1,reddit
Insight-Ninja,3,reddit
ChickenWitty,2,reddit
Sad-Boysenberry8140,1,reddit
Mountain-Store836,1,reddit
Jairlyn,2,reddit
kev0406,1,reddit
PrincipleTop4437,3,reddit
TurnoverOptimal,2,reddit
AdCold3643,3,reddit
Altruistic-Bed7175,3,reddit
Less-Bite,2,reddit
Tight-Wish-7477,1,reddit
luis_411,1,reddit
ResidentPanda3425,1,reddit
Grand_War_2034,1,reddit
MomentInfinite2940,1,reddit
Due-Tangelo-8704,2,reddit
aursys,2,reddit
Additional-Fee5808,1,reddit
psiinon,2,reddit
kylesbadatprivacy,2,reddit
Expert-Dragonfly-715,1,reddit
w_s_m_i_t_h,2,reddit
sibraan_,1,reddit
antocapp,1,reddit
bigmantingyouknow,1,reddit
GuidanceSelect7706,1,reddit
buildwithmoon,3,reddit
Marmelab,1,reddit
atummyachesurvivor,1,reddit
amylaw377,2,reddit
Budget-Document-3600,1,reddit
Fluid_Inspection9846,1,reddit
Reasonable_Gas6460,1,reddit
Express-Special1328,1,reddit
Muted-Loquat-9197,1,reddit
iamsausi,1,reddit
gregit08,3,reddit
talsibony,1,reddit
KitchenPretty6057,2,reddit
samir_shah,1,reddit
TeesparkStudio,1,reddit
Jaded-Emotion3949,1,reddit
notnpcenergy74,1,reddit
bukutbwai,1,reddit
Anaya1005,1,reddit
ulteriormotives5,2,reddit
Open-Profession-7039,1,reddit
TaxDesigner682,3,reddit
Dastik17,1,reddit
borakostem,3,reddit
ingeniero07,1,reddit
Cute_Guard5653,1,reddit
Founder-Awesome,1,reddit
malav399,2,reddit
WarriGodswill,3,reddit
natethough,1,reddit
Most-Agent-7566,1,reddit
aadarshkumar_edu,2,reddit
That-Wrongdoer-9834,1,reddit
DingirPrime,1,reddit
EffectiveGold4450,1,reddit
No-Ability-7670,1,reddit
diogater,2,reddit
SPDProgrammer,1,reddit
Business_Ad_5434,2,reddit
TwoGoodTwoBeBlue,2,reddit
tempNull,3,reddit
Barbells_and_Bugs,1,reddit
itsTomHagen,1,reddit
ArcZ77,1,reddit
Niighkey,2,reddit
ebeip90,3,reddit
trisk3t,2,reddit
CourageRare9227,1,reddit
sanitybit,1,reddit
WarriGodswill,3,reddit
OkPlankton7478,1,reddit
Safe_Flounder_4690,1,reddit
Successful_Draw4218,1,reddit
Elo_azert,1,reddit
xViperAttack,1,reddit
Nice-Role5299,3,reddit
GHost_Exus,1,reddit
Kero-neo,1,reddit
0xMassii,1,reddit
GucciManeIn2000And6,2,reddit
esilacynohtna,1,reddit
Background_Advisor13,1,reddit
slavafree120,1,reddit
ChandanKarn,3,reddit
RainyCloudist,1,reddit
_Shadster_,1,reddit
ConnectWithReza,3,reddit
slollo1,3,reddit
Big-Advice-4009,1,reddit
Alarming_Boss_6577,3,reddit
Alexander23082,2,reddit
tornavec,3,reddit
Amazing_Skill_6080,1,reddit
saito200,3,reddit
chocolate4everr,1,reddit
Stock-Mulberry5861,1,reddit
Separate-Reveal-5749,3,reddit
ankit_0xd,3,reddit
AppealAllyFounder,1,reddit
Hot-Split-613,1,reddit
Beautiful-Car5860,1,reddit
Character-Refuse-571,1,reddit
papito-chulo,1,reddit
Weird_West_1949,3,reddit
Ill1thid,1,reddit
rodpru,1,reddit
Capuchoochoo,2,reddit
Small_Broccoli_7864,1,reddit
DragonfruitSad4049,1,reddit
Holiday-Judgment-964,2,reddit
TiePast1485,1,reddit
TapPossible9934,2,reddit
Frequent-Amount-6062,1,reddit
Proper_Succotash3975,1,reddit
resbeefspat,2,reddit
Cicero202,2,reddit
Magicyte,1,reddit
getlemnos-888,1,reddit
getcited,1,reddit
RiskRaptor,1,reddit
GuestOnly7821,1,reddit
justvalen,2,reddit
Weird_West_1949,3,reddit
kurosh8788,1,reddit
MucaGinger33,2,reddit
HolaI-inka,1,reddit
Hezooweemamadforyou,1,reddit
atetereb,1,reddit
Few-Complaint4310,1,reddit
Spiritual_Heron_5680,3,reddit
Dense-Cantaloupe-725,1,reddit
yesiliketacos,3,reddit
mariusznowakowski,2,reddit
Lorenzoak,1,reddit
briarroseconsulting,1,reddit
Dazzling_Abrocoma182,1,reddit
Awkward_Ad_9605,1,reddit
hydronucleus,1,reddit
Core_hub00,1,reddit
Extreme-Law6386,1,reddit
Expensive_Gur_9642,2,reddit
tax0sosthetreaser,1,reddit
redditsportman,1,reddit
Prior-Possession-402,1,reddit
Smart_War3981,2,reddit
NeverEndingParadise,2,reddit
Ranga_Harish,1,reddit
elttam,1,reddit
JDXOGG,1,reddit
PhatPanda83,1,reddit
gandalf2351,1,reddit
Krbva,1,reddit
Shot_Fudge_6195,1,reddit
PhantomReaper300,3,reddit
nikunjbhoraniya,1,reddit
Comprehensive_Quit67,1,reddit
Less-Bite,2,reddit
MananSpeaks,1,reddit
StrategyAware8536,1,reddit
hello_code,3,reddit
Creepy_Effective_598,1,reddit
jmbravo,1,reddit
Worried_Heron_4581,1,reddit
Holiday-Setting-7942,1,reddit
Scared_Jackfruit_167,1,reddit
Far_Manager_5801,2,reddit
Living_Commercial_10,1,reddit
TheCoolBroskie,1,reddit
iamck_dev,1,reddit
Neither-Shallot-9665,3,reddit
purpleisawarmcolor,2,reddit
No_Condition4163,1,reddit
Kamran_Santiago,2,reddit
jellyjayyy,1,reddit
Status_Food_3728,1,reddit
pixel-hue,1,reddit
niedman,1,reddit
Responsible_Entry_11,1,reddit
naveen_mc,1,reddit
chinyaev,1,reddit
daaku_jethalal,1,reddit
LilianaForLife,1,reddit
do-you-copy,2,reddit
albinowax,1,reddit
thelife0fZ,2,reddit
Fuzzy_Act5528,1,reddit
Ladyniasan,1,reddit
Dry_Bones_God,2,reddit
aizlynskye,1,reddit
mwhmlct,2,reddit
frijolejoe,2,reddit
Hararger,1,reddit
gyuchulm,1,reddit
DJIRNMAN,1,reddit
TheCoolBroskie,1,reddit
Red-eyesss,1,reddit
pitangajm,3,reddit
Careless_Werewolf148,2,reddit
pitangajm,3,reddit
Unusual-Evidence-478,2,reddit
ozan__,1,reddit
robholmes,1,reddit
alisamei,2,reddit
Mental_Buddy8728,1,reddit
Strong_Teaching8548,1,reddit
Status_Food_3728,1,reddit
DRXIDexe,3,reddit
robbinh00d,1,reddit
namidaxr,1,reddit
tjmanoj,1,reddit
Feeling_Ad_2729,1,reddit
BenDemaj,1,reddit
RawrCunha,1,reddit
Certain-Scale-562,1,reddit
Rude_Wallaby_4435,1,reddit
affblog_business00,1,reddit
palindrome___,3,reddit
lordspaceman,1,reddit
healthAPIguy,1,reddit
VenturePenguin,1,reddit
Regular-Play-4208,1,reddit
Mental_Buddy8728,1,reddit
kingaltoids,1,reddit
ReplyTurbulent8751,1,reddit
dwfender,1,reddit
ToughInternal1580,1,reddit
aantix,2,reddit
ka12985,3,reddit
Logical-Wing3612,3,reddit
lotsofthings22,1,reddit
lotsofthings22,1,reddit
hardeningbrief,2,reddit
Boring_Distance_7320,2,reddit
0xKaishakunin,2,reddit
Inconnu135,1,reddit
TeachMeHigherMath,2,reddit
Kevin2023reddit,1,reddit
119_seconds,1,reddit
Illustrious_Fee_4160,1,reddit
Illustrious_Fee_4160,1,reddit
CandyApple69,1,reddit
Unfair-Tie7084,1,reddit
Cjd03032001,2,reddit
Broad-Draw109,2,reddit
its_akhil_mishra,1,reddit
ImSuchaNoob2,2,reddit
West_Ad_162,1,reddit
Least-Helicopter-326,1,reddit
ultranothing,2,reddit
its_akhil_mishra,1,reddit
nomoresleepless,2,reddit
ajaysharma10,1,reddit
BasedTrucker27,2,reddit
AboveAndBelowSea,2,reddit
Ambitious_Square8286,2,reddit
luca__popescu,2,reddit
NorthPossibility2965,2,reddit
marvinrouven,2,reddit
qwertyosteopath,2,reddit
mikeitclassy,2,reddit
Malwarebeasts,1,reddit
NoPower5561,1,reddit
SupistaOfficial,1,reddit
aginext,1,reddit
marina444is_online,1,reddit
Motor-Credit8336,1,reddit
cavalloacquatico,2,reddit
relentlessMarauder,1,reddit
ohlookitsastory,1,reddit
counter-transference,1,reddit
afterpartyzone,2,reddit
mariusznowakowski,1,reddit
TheMaddis,1,reddit
Pale_Neat4239,1,reddit
Impossible_Check_107,1,reddit
Fantastic-Try8636,3,reddit
voobertdoobert,1,reddit
Mediocre_Alarm_2531,2,reddit
MartinZugec,2,reddit
Money_Student_3261,1,reddit
pr4jwal,1,reddit
ItAffectionate4481,2,reddit
Feisty_Custard_4033,2,reddit
MaxineJone,1,reddit
Acceptable_Drink_434,1,reddit
radtim256,1,reddit
wezham,2,reddit
Hopeful-Business-15,1,reddit
Direct-Attention8597,1,reddit
Competitive-Tiger457,1,reddit
Ill_Car_7351,1,reddit
Stunning-Divide2746,2,reddit
smartyladyphd,1,reddit
pesito,2,reddit
a-simon93,1,reddit
Gruffet_Spider,2,reddit
Imaginary-Cress-8339,2,reddit
Dagny_Taggart2,2,reddit
o1got,1,reddit
Only_End_1541,2,reddit
rogeragrimes,2,reddit
Charming-Horror4114,2,reddit
GainorApp,2,reddit
der_struct,2,reddit
Dizzy_University_628,3,reddit
Economy-Cupcake6148,1,reddit
Significant-Second32,2,reddit
Dudewithlight,2,reddit
Dark-stash,1,reddit
Gallus,1,reddit
strontium,1,reddit
GuidanceSelect7706,1,reddit
Party-Attention-9662,1,reddit
sergii-demianchuk,1,reddit
907jessejones,1,reddit
0xdea,1,reddit
Consistent-Act-6246,2,reddit
NeuraCyb-Intel,1,reddit
jat0369,1,reddit
audiosf,1,reddit
Ok_Pressure4279,1,reddit
IncomeLongjumping401,2,reddit
noturavrgangel,2,reddit
FlexM-Global,3,reddit
DeadP00L97,1,reddit
GuidanceSelect7706,1,reddit
Critical-Brain2841,1,reddit
SureAbroad7816,2,reddit
justmedownsouth,2,reddit
kingaltoids,1,reddit
PositivePrices,1,reddit
Responsible-Fan7285,1,reddit
bruhagan,1,reddit
Existing-Ice221,2,reddit
oppai_silverman,1,reddit
DonDaTraveller,1,reddit
Narcisians,1,reddit
Narcisians,1,reddit
ErikClarke,2,reddit
EdikTheFurry,2,reddit
wat_waterson,1,reddit
Dizzy-Cookie7138,1,reddit
Emirhan95,2,reddit
ok_bye_now_,1,reddit
sanitybit,1,reddit
parker_adam916,1,reddit